City_ID,City,Lat,Lng,Max Temp,Humidity,Cloudiness,Wind Speed,Country,Date
0,port-aux-francais,-49.35,70.2167,282.22,91,100,12.1,TF,1707957583
1,oodweyne,9.4092,45.064,293.06,44,0,3.42,SO,1707957583
2,qaqortoq,60.7167,-46.0333,272.56,98,100,2.37,GL,1707957583
3,port lincoln,-34.7333,135.8667,291.56,58,12,5.18,AU,1707957379
4,daru,-9.0763,143.2092,304.06,66,99,2.46,PG,1707957583
5,daimiel,39.07,-3.615,285.39,93,100,1.69,ES,1707957583
6,adamstown,-25.066,-130.1015,298.42,87,3,6.69,PN,1707957583
7,petropavlovsk-kamchatsky,53.0452,158.6483,262.48,92,75,4.0,RU,1707957583
8,invercargill,-46.4,168.35,285.38,97,100,0.89,NZ,1707957583
9,karratha,-20.7377,116.8463,303.04,64,85,5.05,AU,1707957584
10,anadyr,64.75,177.4833,247.43,76,0,5.0,RU,1707957584
11,fuyang,32.9,115.8167,280.09,74,100,5.21,CN,1707957584
12,dudinka,69.4058,86.1778,246.86,97,43,3.13,RU,1707957584
13,pisco,-13.7,-76.2167,298.18,69,0,9.26,PE,1707957584
14,talcahuano,-36.7167,-73.1167,289.97,82,20,1.54,CL,1707957584
15,ushuaia,-54.8,-68.3,280.96,87,75,7.2,AR,1707957376
16,tazovsky,67.4667,78.7,245.96,95,88,4.04,RU,1707957584
17,el nido,11.1858,119.3956,300.37,74,4,7.25,PH,1707957584
18,nova sintra,14.8667,-24.7167,293.86,77,0,6.9,CV,1707957584
19,port isabel,26.0734,-97.2086,295.19,91,100,4.63,US,1707957584
20,wailua homesteads,22.0669,-159.378,298.59,64,100,7.2,US,1707957584
21,grytviken,-54.2811,-36.5092,276.51,79,22,6.38,GS,1707957584
22,sal rei,16.1833,-22.9167,295.93,77,0,7.94,CV,1707957584
23,potosi,-19.5836,-65.7531,283.33,82,100,2.81,BO,1707957584
24,brookings,44.3114,-96.7984,269.15,94,100,5.66,US,1707957359
25,puerto natales,-51.7236,-72.4875,284.4,93,100,5.66,CL,1707957584
26,coquimbo,-29.9533,-71.3436,293.0,82,100,3.6,CL,1707957585
27,bethel,41.3712,-73.414,272.2,51,0,2.06,US,1707957585
28,blackmans bay,-43.0167,147.3167,293.44,50,20,3.05,AU,1707957585
29,mejit,10.2753,170.8646,299.21,77,62,8.46,MH,1707957585
30,lebu,-37.6167,-73.65,287.32,92,2,1.07,CL,1707957585
31,bintulu,3.1667,113.0333,299.38,88,20,0.0,MY,1707957585
32,levuka,50.1834,-105.4011,265.0,73,75,4.12,CA,1707957585
33,waitangi,-43.9535,-176.5597,291.94,88,0,9.99,NZ,1707957585
34,kaithal,29.8,76.3833,283.39,46,0,2.67,IN,1707957585
35,lupane,-18.9315,27.807,288.61,54,0,1.9,ZW,1707957585
36,tura,25.5198,90.2201,289.32,70,100,1.29,IN,1707957585
37,sitka,57.0531,-135.33,280.09,61,0,0.0,US,1707957586
38,margaret river,-33.95,115.0667,296.99,47,100,2.32,AU,1707957500
39,isafjordur,66.0755,-23.124,265.74,90,76,3.48,IS,1707957586
40,majdanpek,44.4277,21.946,272.15,87,3,2.2,RS,1707957586
41,papatowai,-46.5619,169.4708,283.7,92,100,1.9,NZ,1707957586
42,mishan,45.55,131.8833,262.79,71,75,1.67,CN,1707957586
43,saint-pierre,-21.3393,55.4781,296.97,88,0,2.57,RE,1707957586
44,west island,-12.1568,96.8225,300.14,74,40,4.12,CC,1707957586
45,iqaluit,63.7506,-68.5145,253.0,83,75,0.0,CA,1707957586
46,nasiriyah,31.0521,46.261,291.22,82,1,8.61,IQ,1707957586
47,podporozh'ye,60.9112,34.1706,260.82,94,100,3.95,RU,1707957586
48,albany,42.6001,-73.9662,269.51,59,5,1.79,US,1707957454
49,udachny,66.4167,112.4,245.46,99,100,1.29,RU,1707957586
50,devils lake,48.1128,-98.8651,266.14,70,0,6.69,US,1707957586
51,longyearbyen,78.2186,15.6401,275.06,75,75,5.14,SJ,1707957586
52,valdivia,-39.8142,-73.2459,292.2,87,31,1.17,CL,1707957587
53,puerto ayora,-0.7393,-90.3518,300.68,93,89,2.24,EC,1707957587
54,canta,41.1181,28.0803,279.41,81,75,10.29,TR,1707957587
55,mpraeso,6.5932,-0.7346,296.64,92,85,1.67,GH,1707957587
56,bilibino,68.0546,166.4372,243.5,95,100,1.29,RU,1707957587
57,meadow lake,34.8014,-106.5436,286.86,17,0,5.43,US,1707957587
58,yellowknife,62.456,-114.3525,249.44,92,75,2.57,CA,1707957498
59,talnakh,69.4865,88.3972,243.95,93,85,1.09,RU,1707957379
60,nemuro,43.3236,145.575,272.52,82,100,1.98,JP,1707957587
61,achacachi,-16.05,-68.6833,281.28,90,100,3.69,BO,1707957587
62,punta arenas,-53.15,-70.9167,283.21,93,75,3.6,CL,1707957468
63,chrysoupolis,40.9856,24.6939,280.41,67,100,1.66,GR,1707957587
64,pacific grove,36.6177,-121.9166,288.21,79,100,8.94,US,1707957587
65,eastham,41.8301,-69.9739,273.12,60,0,5.36,US,1707957587
66,saynshand,44.8824,110.1163,255.65,82,2,3.78,MN,1707957588
67,tambopata,-12.7333,-69.1833,295.95,99,99,0.95,PE,1707957588
68,lihue,21.9789,-159.3672,298.92,63,100,7.2,US,1707957377
69,jamestown,42.097,-79.2353,271.92,62,100,4.63,US,1707957588
70,kikwit,-5.041,18.8162,296.27,92,100,0.75,CD,1707957588
71,edinburgh of the seven seas,-37.0676,-12.3116,292.0,84,6,7.86,SH,1707957588
72,tiksi,71.6872,128.8694,240.12,100,95,1.39,RU,1707957588
73,lichuan,30.3,108.85,277.51,92,100,1.96,CN,1707957588
74,tha khanon,9.0302,98.9529,300.38,86,28,1.5,TH,1707957588
75,remire-montjoly,4.9167,-52.2667,300.17,78,75,3.6,GF,1707957588
76,grootfontein,-19.5667,18.1167,295.91,46,39,1.54,NA,1707957588
77,san jose del guaviare,2.5729,-72.6459,299.48,76,93,1.85,CO,1707957588
78,kone,-21.0595,164.8658,303.32,66,80,3.09,NC,1707957588
79,lompoc,34.6391,-120.4579,289.7,67,40,4.12,US,1707957588
80,hailey,43.5196,-114.3153,273.09,86,100,3.6,US,1707957511
81,minot air force base,48.4209,-101.3391,266.25,67,0,5.14,US,1707957588
82,praia da vitoria,38.7333,-27.0667,288.57,82,40,6.07,PT,1707957588
83,sisimiut,66.9395,-53.6735,254.52,64,12,2.68,GL,1707957589
84,luganville,-15.5333,167.1667,303.81,75,19,2.44,VU,1707957589
85,recani,31.2846,-4.2688,290.6,30,52,3.17,MA,1707957589
86,hobyo,5.3505,48.5268,299.14,82,91,7.06,SO,1707957589
87,altar,30.7,-111.8167,292.35,24,0,2.15,MX,1707957589
88,el granada,37.5027,-122.4694,287.09,90,100,11.32,US,1707957589
89,tamanrasset,22.785,5.5228,289.1,25,0,3.09,DZ,1707957589
90,coari,-4.085,-63.1414,297.42,97,99,1.19,BR,1707957589
91,stanley,54.868,-1.6985,282.75,96,100,2.5,GB,1707957589
92,sabha,27.0377,14.4283,283.83,55,0,4.12,LY,1707957589
93,hawaiian paradise park,19.5933,-154.9731,300.88,68,20,6.17,US,1707957589
94,prado,-17.3411,-39.2208,299.37,88,100,4.24,BR,1707957589
95,saudarkrokur,65.7461,-19.6394,271.77,96,100,3.91,IS,1707957589
96,wakkanai,45.4094,141.6739,271.14,90,75,4.92,JP,1707957589
97,nantucket,41.2835,-70.0995,272.23,47,0,9.77,US,1707957589
98,tahoua,14.8888,5.2692,298.14,22,0,4.63,NE,1707957589
99,yuzhno-kurilsk,44.0306,145.8556,271.69,91,99,1.74,RU,1707957590
100,cabo san lucas,22.8909,-109.9124,294.68,69,100,2.06,MX,1707957175
101,island harbour,50.724,-1.2758,286.01,95,100,4.02,GB,1707957590
102,badger,64.8,-147.5333,283.29,58,20,0.0,US,1707957590
103,port elizabeth,-33.918,25.5701,293.32,81,100,2.24,ZA,1707957590
104,avarua,-21.2078,-159.775,304.18,66,20,8.75,CK,1707957590
105,hasaki,35.7333,140.8333,286.09,64,100,8.71,JP,1707957590
106,olonkinbyen,70.9221,-8.7187,270.14,92,100,10.92,SJ,1707957590
107,fort st. john,56.2499,-120.8529,270.09,43,20,1.54,CA,1707957590
108,singkawang,0.9,109.0,299.47,91,35,1.88,ID,1707957590
109,arraial do cabo,-22.9661,-42.0278,297.35,90,100,2.16,BR,1707957545
110,kabrai,25.4167,80.0167,287.56,67,0,1.51,IN,1707957590
111,enewetak,11.3474,162.3373,299.39,77,100,9.59,MH,1707957590
112,mahina,-17.5065,-149.489,304.02,74,20,6.17,PF,1707957590
113,aberdeen,57.1437,-2.0981,279.56,100,100,3.6,GB,1707957591
114,college,64.8569,-147.8028,283.33,58,20,0.0,US,1707957591
115,nyurba,63.2842,118.3319,233.32,100,100,1.39,RU,1707957591
116,hadibu,12.65,54.0333,297.25,76,44,4.21,YE,1707957591
117,peterhead,57.5058,-1.7981,279.51,99,100,5.02,GB,1707957591
118,mana,5.6592,-53.7767,299.67,73,96,5.01,GF,1707957591
119,hamilton,39.1834,-84.5333,280.89,52,0,3.09,US,1707957490
120,oban,56.4127,-5.4706,278.92,94,100,2.61,GB,1707957591
121,saint-philippe,-21.3585,55.7679,296.92,89,73,3.7,RE,1707957591
122,cabedelo,-6.9811,-34.8339,301.52,80,100,4.11,BR,1707957581
123,arkhangel'sk,64.5401,40.5433,250.44,76,0,3.0,RU,1707957592
124,constantia,44.1833,28.65,278.54,77,100,9.08,RO,1707957592
125,horta,38.5333,-28.6333,289.27,75,100,8.05,PT,1707957592
126,caleta de carquin,-11.0925,-77.6267,298.02,81,100,4.45,PE,1707957592
127,vadso,70.0744,29.7487,260.24,78,100,7.72,NO,1707957592
128,mohr,54.3528,9.7167,283.23,99,100,3.09,DE,1707957592
129,sinop,41.7711,34.8709,280.44,89,100,1.46,TR,1707957592
130,guerrero negro,27.9769,-114.0611,289.08,64,3,6.09,MX,1707957329
131,boende,-0.2167,20.8667,296.2,87,100,1.15,CD,1707957592
132,port mathurin,-19.6833,63.4167,300.52,81,100,9.15,MU,1707957592
133,springbok,-29.6643,17.8865,287.91,86,100,2.44,ZA,1707957592
134,ponta delgada,37.7333,-25.6667,288.55,77,20,5.66,PT,1707957592
135,colonia,50.9333,6.95,286.51,90,100,3.09,DE,1707957359
136,quellon,-43.1167,-73.6167,286.83,84,89,2.17,CL,1707957592
137,kurtamysh,54.9103,64.4319,245.13,93,7,5.36,RU,1707957592
138,stonehaven,56.9637,-2.2118,279.58,99,100,0.32,GB,1707957593
139,sandnessjoen,66.0217,12.6316,268.44,95,100,11.45,NO,1707957593
140,hermanus,-34.4187,19.2345,287.48,77,56,4.14,ZA,1707957593
141,boyolangu,-8.1181,111.8935,300.54,85,72,1.42,ID,1707957593
142,nasirabad,26.3,74.7333,286.12,25,0,2.77,IN,1707957593
143,vilyuchinsk,52.9306,158.4028,263.3,91,100,1.82,RU,1707957593
144,thompson,55.7435,-97.8558,254.24,78,75,3.6,CA,1707957593
145,whitehorse,60.7161,-135.0538,267.05,73,75,2.06,CA,1707957593
146,awjilah,29.1081,21.2869,285.22,67,6,6.52,LY,1707957593
147,carnarvon,-24.8667,113.6333,299.64,70,79,5.1,AU,1707957593
148,port saint john's,-31.6229,29.5448,296.23,89,92,1.23,ZA,1707957593
149,dourados,-22.2211,-54.8056,296.72,90,100,2.75,BR,1707957436
150,yung shue wan,22.2333,114.1167,294.44,82,4,1.99,HK,1707957593
151,georgetown,5.4112,100.3354,300.11,78,20,2.57,MY,1707957593
152,bol,13.4586,14.7147,295.83,33,9,5.81,TD,1707957594
153,sinabang,2.4803,96.3801,300.71,80,25,0.96,ID,1707957594
154,keflavik,64.0049,-22.5624,274.39,93,40,4.12,IS,1707957594
155,suva,-18.1416,178.4415,303.86,74,75,4.63,FJ,1707957305
156,ribeira grande,38.5167,-28.7,289.69,75,100,8.05,PT,1707957594
157,fenyi,27.8112,114.6681,287.34,89,100,4.98,CN,1707957594
158,wenling,28.3669,121.36,288.56,72,31,2.76,CN,1707957594
159,afaahiti,-17.75,-149.2833,303.08,82,100,8.79,PF,1707957594
160,labrador city,52.9463,-66.9114,262.1,82,100,4.12,CA,1707957594
161,port sudan,19.6175,37.2164,296.11,83,68,3.17,SD,1707957594
162,olinda,-8.0089,-34.8553,302.0,79,75,3.6,BR,1707957594
163,fale old settlement,-9.3852,-171.2468,301.21,84,100,10.18,TK,1707957594
164,grenada,37.1882,-3.6067,286.3,83,0,2.06,ES,1707957490
165,al bardiyah,31.7561,25.0865,287.2,68,100,4.45,LY,1707957594
166,saatli,36.7871,36.8716,280.67,91,55,0.46,TR,1707957594
167,artigas,-30.4,-56.4667,293.1,64,100,3.81,UY,1707957594
168,haiku-pauwela,20.9219,-156.3051,299.4,62,20,8.75,US,1707957595
169,namie,37.4833,141.0,290.36,50,15,0.45,JP,1707957595
170,happy valley-goose bay,53.3168,-60.3315,268.32,74,100,5.66,CA,1707957595
171,khandyga,62.6667,135.6,240.92,97,100,0.25,RU,1707957595
172,mount isa,-20.7333,139.5,298.02,94,100,3.09,AU,1707957595
173,kinston,35.2627,-77.5816,283.77,71,0,0.0,US,1707957461
174,ancud,-41.8697,-73.8203,286.72,92,40,2.4,CL,1707957595
175,ambon,-3.6954,128.1814,304.23,66,20,4.12,ID,1707957406
176,rongelap,11.1635,166.8941,299.45,75,100,9.19,MH,1707957595
177,qamdo,31.1667,97.2333,266.16,75,100,1.83,CN,1707957595
178,prince rupert,54.3161,-130.3201,282.2,43,0,4.12,CA,1707957595
179,aras-asan,8.8908,126.3033,300.01,72,84,1.24,PH,1707957595
180,dryden,49.7833,-92.7503,268.31,80,100,4.63,CA,1707957595
181,aracruz,-19.8203,-40.2733,299.71,90,100,1.58,BR,1707957595
182,kavaratti,10.5669,72.642,300.92,69,96,4.5,IN,1707957595
183,rio san juan,19.6439,-70.0763,297.05,85,28,2.76,DO,1707957595
184,cururupu,-1.8283,-44.8683,297.99,91,76,1.61,BR,1707957596
185,soe,-9.8607,124.284,298.48,69,56,1.86,ID,1707957596
186,kayangel,8.0823,134.7173,300.23,70,96,9.37,PW,1707957596
187,diawara,15.022,-12.5437,303.42,8,100,4.06,SN,1707957596
188,uturoa,-16.7333,-151.4333,301.48,78,100,8.53,PF,1707957596
189,mossel bay,-34.1831,22.146,291.11,78,100,4.24,ZA,1707957596
190,oamaru,-45.0784,170.9801,291.69,68,100,1.89,NZ,1707957596
191,puerto baquerizo moreno,-0.9,-89.6,300.07,80,100,4.37,EC,1707957596
192,darjiling,27.0333,88.2667,278.96,63,98,1.83,IN,1707957596
193,quiberon,47.4841,-3.1196,286.59,91,100,0.45,FR,1707957596
194,santa terezinha,-29.9002,-50.0904,295.44,65,98,5.55,BR,1707957596
195,tazacorte,28.629,-17.9293,291.69,84,0,3.13,ES,1707957596
196,port alfred,-33.5906,26.891,293.81,91,100,0.45,ZA,1707957596
197,plastun,44.7561,136.2939,267.52,32,100,3.45,RU,1707957596
198,mil'kovo,55.6078,37.7956,262.82,91,100,5.62,RU,1707957597
199,mogok,22.9167,96.5,287.74,41,87,0.95,MM,1707957597
200,ulladulla,-35.35,150.4667,291.69,75,100,0.6,AU,1707957597
201,codrington,-38.2667,141.9667,291.48,48,41,3.82,AU,1707957597
202,nabire,-3.3667,135.4833,301.56,75,95,2.12,ID,1707957597
203,trzebnica,51.3108,17.0633,281.32,85,100,2.49,PL,1707957597
204,kem',64.9555,34.5793,254.88,90,93,4.92,RU,1707957597
205,futtsu,35.3053,139.8186,288.31,67,75,5.66,JP,1707957597
206,jinxiang,27.4327,120.6062,289.34,70,9,1.44,CN,1707957597
207,faya-largeau,17.9257,19.1043,293.2,28,1,10.55,TD,1707957598
208,margarita belen,-27.2616,-58.9722,297.62,76,6,2.63,AR,1707957598
209,dunedin,-45.8742,170.5036,287.1,83,100,2.73,NZ,1707957598
210,san giorgio di nogaro,45.8336,13.2158,281.05,94,75,1.03,IT,1707957598
211,chernyshevskiy,63.0128,112.4714,227.09,100,73,0.41,RU,1707957598
212,bredasdorp,-34.5322,20.0403,290.0,78,93,2.94,ZA,1707957598
213,saguenay,48.4168,-71.0657,264.21,68,40,9.77,CA,1707957331
214,vreed-en-hoop,6.8093,-58.198,299.33,78,6,4.06,GY,1707957598
215,atafu village,-8.5421,-172.5159,301.43,82,100,10.58,TK,1707957598
216,kuytun,54.3419,101.5036,258.38,89,100,3.31,RU,1707957598
217,lexington,37.9887,-84.4777,283.09,63,0,3.6,US,1707957554
218,brisas de zicatela,15.8369,-97.0419,302.44,65,0,3.09,MX,1707957598
219,vorgashor,67.5833,63.95,240.18,99,100,1.81,RU,1707957598
220,axim,4.8699,-2.2405,300.87,89,61,3.12,GH,1707957598
221,ghadamis,30.1337,9.5007,284.58,52,17,3.71,LY,1707957598
222,kachug,53.9606,105.8817,252.62,94,100,1.34,RU,1707957598
223,kerikeri,-35.2268,173.9474,295.87,56,55,3.54,NZ,1707957598
224,aasiaat,68.7098,-52.8699,243.42,91,65,2.78,GL,1707957599
225,port hedland,-20.3167,118.5667,303.18,74,40,3.6,AU,1707957599
226,chibougamau,49.9168,-74.3659,257.94,61,0,4.12,CA,1707957599
227,san patricio,28.017,-97.5169,291.39,82,100,4.57,US,1707957599
228,kingston,17.997,-76.7936,300.68,86,20,4.63,JM,1707957424
229,piacabucu,-10.4056,-36.4344,300.07,85,0,3.3,BR,1707957599
230,walvis bay,-22.9575,14.5053,290.68,82,23,1.54,NA,1707957599
231,kitimat,54.0524,-128.6534,276.99,69,0,1.79,CA,1707957599
232,ilulissat,69.2167,-51.1,252.16,45,20,1.54,GL,1707957599
233,messaad,34.1543,3.5031,286.23,39,100,2.65,DZ,1707957599
234,queenstown,-31.8976,26.8753,291.12,88,100,1.14,ZA,1707957599
235,mount pearl,47.5166,-52.7813,272.84,98,100,15.43,CA,1707957329
236,mogadishu,2.0371,45.3438,299.45,87,100,6.88,SO,1707957599
237,blenheim,-41.516,173.9528,300.11,39,1,2.68,NZ,1707957599
238,port douglas,-16.4833,145.4667,301.2,71,100,1.99,AU,1707957599
239,okhotsk,59.3833,143.3,251.73,89,100,4.1,RU,1707957599
240,chonchi,-42.6128,-73.8092,292.71,87,62,0.74,CL,1707957599
241,calingasta,-31.3308,-69.4078,299.92,37,0,3.16,AR,1707957600
242,cavan,53.9908,-7.3606,284.07,98,100,3.86,IE,1707957600
243,san rafael del yuma,18.4299,-68.6739,299.26,87,100,2.96,DO,1707957600
244,anloga,5.7947,0.8973,301.26,87,10,4.63,GH,1707957600
245,souillac,-20.5167,57.5167,300.36,89,40,2.57,MU,1707957600
246,tolanaro,-25.0319,46.9987,298.19,94,75,3.09,MG,1707957601
247,ballina,-28.8667,153.5667,301.92,60,26,4.37,AU,1707957601
248,auki,-8.7676,160.7034,301.79,74,79,3.96,SB,1707957601
249,vilyuysk,63.7553,121.6247,233.71,100,100,1.34,RU,1707957601
250,puerto escondido,15.85,-97.0667,302.61,65,0,3.09,MX,1707957441
251,ust'-ilimsk,58.0006,102.6619,257.72,95,100,1.34,RU,1707957544
252,sur,22.5667,59.5289,295.69,80,71,2.73,OM,1707957601
253,bandarbeyla,9.4942,50.8122,299.09,69,93,5.53,SO,1707957601
254,ola,59.5833,151.2833,251.41,85,100,3.32,RU,1707957601
255,tumayr,25.7039,45.868,291.67,46,0,5.15,SA,1707957601
256,tevriz,57.509,72.4042,245.2,91,100,4.48,RU,1707957602
257,sorong,-0.8833,131.25,301.87,72,100,6.16,ID,1707957144
258,tralee,52.2704,-9.7026,284.01,98,100,1.83,IE,1707957602
259,ingeniero guillermo n. juarez,-23.9,-61.85,299.25,54,59,2.47,AR,1707957603
260,okha,53.5739,142.9478,252.22,89,14,4.53,RU,1707957603
261,lazaro cardenas,17.9583,-102.2,298.58,78,100,1.69,MX,1707957603
262,matthew town,20.95,-73.6667,298.56,75,62,5.78,BS,1707957603
263,st. john's,47.5649,-52.7093,273.3,97,100,16.09,CA,1707957447
264,ippy,6.2679,21.2247,298.07,19,100,1.17,CF,1707957604
265,lumajang,-8.1335,113.2248,301.2,81,56,0.6,ID,1707957604
266,saint-leu,-21.15,55.2833,299.61,84,88,1.46,RE,1707957604
267,puerto pilon,9.3644,-79.7933,300.8,86,73,4.67,PA,1707957604
268,kunashak,55.7032,61.5498,247.44,92,6,4.57,RU,1707957604
269,pandan,14.0453,124.1694,299.37,84,52,5.66,PH,1707957604
270,bodo,67.28,14.405,268.17,58,75,15.95,NO,1707957604
271,margate,51.3813,1.3862,285.3,93,100,4.02,GB,1707957571
272,ungsang-nodongjagu,42.3578,130.4622,270.27,37,100,6.82,KP,1707957604
273,crane,31.3974,-102.3501,291.31,14,91,2.1,US,1707957605
274,harper,4.375,-7.7169,300.5,86,50,3.49,LR,1707957605
275,mahalapye,-23.1041,26.8142,295.31,45,46,5.53,BW,1707957605
276,new norfolk,-42.7826,147.0587,294.1,44,7,3.69,AU,1707957605
277,princeville,45.7668,-61.2985,269.5,92,100,10.29,CA,1707957605
278,mel'nikovo,56.5558,84.085,252.18,91,100,5.87,RU,1707957605
279,salalah,17.0151,54.0924,298.2,78,75,1.54,OM,1707957606
280,xinpu,34.5997,119.1594,276.18,57,100,6.72,CN,1707957606
281,ibiza,38.9088,1.433,288.83,83,0,2.06,ES,1707957606
282,burang,30.25,81.1667,261.63,69,0,3.01,CN,1707957606
283,ta`u,-14.2336,-169.5144,299.07,94,100,4.63,AS,1707957606
284,torbat-e jam,35.244,60.6225,283.79,28,0,0.5,IR,1707957606
285,mata-utu,-13.2816,-176.1745,301.74,82,100,8.54,WF,1707957606
286,quesada,10.3238,-84.4271,298.88,93,80,2.64,CR,1707957606
287,pariaman,-0.619,100.12,299.18,80,36,1.68,ID,1707957606
288,hilo,19.7297,-155.09,302.75,68,20,6.17,US,1707957606
289,amahai,-3.3333,128.9167,303.06,66,100,3.47,ID,1707957606
290,aljezur,37.3191,-8.8033,290.25,83,28,7.15,PT,1707957607
291,sao joao da barra,-21.6403,-41.0511,297.2,93,100,4.2,BR,1707957607
292,xinzhi,36.4989,111.7047,276.06,37,100,1.07,CN,1707957607
293,urengoy,65.9667,78.3667,244.45,97,29,5.42,RU,1707957607
294,port victoria,0.0939,33.9756,296.47,69,100,2.63,KE,1707957607
295,berezovyy,51.6667,135.7,256.58,77,73,0.91,RU,1707957607
296,ust-nera,64.5667,143.2,238.36,98,100,1.08,RU,1707957607
297,muzaffarabad,34.37,73.4711,282.03,40,3,3.23,PK,1707957607
298,clarksburg,39.2807,-80.3445,276.4,67,0,0.0,US,1707957607
299,san antonio de pale,-1.4014,5.6325,301.7,78,77,2.55,GQ,1707957607
300,ust-tsilma,65.441,52.1498,237.93,100,61,0.45,RU,1707957608
301,utrik,11.2278,169.8474,299.11,75,35,9.23,MH,1707957608
302,vila franca do campo,37.7167,-25.4333,288.38,81,100,4.62,PT,1707957608
303,san antonio,29.4241,-98.4936,290.71,76,100,4.63,US,1707957360
304,red deer,52.2668,-113.802,264.42,79,75,2.57,CA,1707957458
305,waajid,3.8096,43.2463,298.02,68,37,7.87,SO,1707957608
306,portland,45.5234,-122.6762,278.47,92,100,8.23,US,1707957119
307,saipan,15.1355,145.701,301.54,69,40,8.75,MP,1707957608
308,paraiso,9.8383,-83.8656,294.63,95,93,2.34,CR,1707957482
309,fisterra,42.9049,-9.2629,288.57,90,100,3.91,ES,1707957608
310,chukhloma,58.7525,42.6825,248.76,99,6,2.24,RU,1707957609
311,trincomalee,8.5711,81.2335,300.2,77,100,6.42,LK,1707957609
312,ialibu,-6.2821,143.9935,293.51,81,46,1.46,PG,1707957609
313,boca suno,-0.7167,-77.1333,294.99,99,100,0.81,EC,1707957608
314,jwaneng,-24.6004,24.7303,299.06,31,100,2.3,BW,1707957609
315,santa maria,-29.6842,-53.8069,292.76,83,20,2.57,BR,1707957609
316,gillette,44.2911,-105.5022,268.74,82,100,2.57,US,1707957610
317,arvayheer,46.2639,102.775,263.72,23,0,2.61,MN,1707957610
318,makushino,55.2103,67.2442,243.9,94,82,5.61,RU,1707957610
319,kodiak,57.79,-152.4072,277.88,87,100,7.72,US,1707957583
320,enid,36.3956,-97.8784,290.24,56,0,9.26,US,1707957362
321,touros,-5.1989,-35.4608,300.07,82,94,3.02,BR,1707957610
322,ribeira brava,32.65,-17.0667,293.15,71,13,4.52,PT,1707957610
323,frenda,35.0654,1.0495,282.58,46,55,5.02,DZ,1707957611
324,kuqa,41.7278,82.9364,272.92,56,96,1.94,CN,1707957611
325,warrenton,-28.114,24.8475,295.09,17,30,2.11,ZA,1707957611
326,hithadhoo,-0.6,73.0833,301.27,77,98,6.76,MV,1707957611
327,desnogorsk,54.1508,33.2815,269.06,96,100,2.94,RU,1707957611
328,porbandar,21.6422,69.6093,292.8,35,0,5.37,IN,1707957611
329,champerico,14.3,-91.9167,300.6,75,0,3.19,GT,1707957611
330,chinsali,-10.5414,32.0816,290.91,99,100,2.25,ZM,1707957611
331,mugia,43.1041,-9.2179,288.66,89,97,2.57,ES,1707957611
332,akot,21.0964,77.0586,293.57,42,5,2.02,IN,1707957611
333,chengde,40.9725,117.9361,269.29,30,0,5.87,CN,1707957612
334,san julian,21.0167,-102.1667,285.55,74,100,1.63,MX,1707957612
335,muisne,0.6,-80.0333,298.77,91,100,1.3,EC,1707957613
336,galion,40.7337,-82.7899,273.34,74,12,1.69,US,1707957613
337,la sarre,48.8002,-79.1996,258.86,94,100,1.27,CA,1707957491
338,ormara,25.2088,64.6357,294.57,61,0,2.39,PK,1707957613
339,wacheng,33.7833,114.5167,279.65,47,100,5.12,CN,1707957613
340,dawson creek,55.7666,-120.2362,269.95,43,0,0.0,CA,1707957613
341,newman,37.3138,-121.0208,290.28,73,100,2.24,US,1707957613
342,alexandria,31.2156,29.9553,283.45,72,96,5.13,EG,1707957601
343,rive-de-gier,45.5307,4.6213,282.75,68,100,1.68,FR,1707957613
344,tynda,55.1667,124.7167,237.49,97,30,0.73,RU,1707957614
345,katsuura,35.1333,140.3,288.16,73,100,10.19,JP,1707957614
346,kladanj,44.2264,18.6914,268.99,82,18,1.26,BA,1707957614
347,gilgit,35.9221,74.3087,273.42,35,7,1.48,PK,1707957614
348,kourou,5.1552,-52.6478,300.18,79,99,4.53,GF,1707957614
349,fort bragg,35.139,-79.006,285.47,56,0,0.0,US,1707957614
350,gemerek,39.1834,36.0719,278.12,88,100,0.93,TR,1707957615
351,kailua-kona,19.6406,-155.9956,301.13,78,0,7.72,US,1707957556
352,tam ky,15.5667,108.4833,296.04,87,18,0.71,VN,1707957615
353,roma,43.2128,-75.4557,269.64,60,0,6.17,US,1707957615
354,northam,51.0333,-4.2167,286.14,97,100,7.56,GB,1707957615
355,la passe,45.5549,-0.8967,286.47,78,100,5.59,FR,1707957615
356,nuuk,64.1835,-51.7216,263.49,79,0,5.14,GL,1707957615
357,novyy urgal,51.0736,132.5642,248.84,91,41,0.4,RU,1707957616
358,rafsanjan,30.4067,55.9939,283.55,41,0,2.28,IR,1707957616
359,riberalta,-10.9833,-66.1,296.4,94,18,0.34,BO,1707957616
360,nadi,-17.8,177.4167,301.15,94,75,6.17,FJ,1707957616
361,pitea,65.3172,21.4794,265.2,98,100,0.67,SE,1707957616
362,villa canas,-34.0057,-61.6076,291.44,10,6,3.2,AR,1707957616
363,mandan,46.8267,-100.8896,268.47,59,0,3.09,US,1707957616
364,polyarnyy,69.1989,33.4478,254.78,95,96,9.0,RU,1707957616
365,al jawf,29.5,38.75,283.79,59,0,2.91,SA,1707957617
366,encinitas,33.037,-117.292,291.13,70,0,4.12,US,1707957617
367,rudnyy,52.9594,63.1206,246.28,97,6,4.11,KZ,1707957617
368,choibalsan,48.0667,114.5,253.09,85,2,3.07,MN,1707957617
369,akureyri,65.6835,-18.0878,275.11,69,100,7.72,IS,1707957617
370,sungailiat,-1.85,106.1333,300.92,79,54,0.48,ID,1707957617
371,huilong,31.8111,121.655,280.08,90,100,11.04,CN,1707957618
372,murzuq,25.9155,13.9184,284.29,45,0,3.34,LY,1707957618
373,el bauga,18.262,33.9081,292.37,12,95,4.76,SD,1707957618
374,selfoss,63.9331,-20.9971,270.95,95,97,0.94,IS,1707957618
375,belyy yar,53.6039,91.3903,267.09,63,0,8.0,RU,1707957618
376,al kharijah,25.4514,30.5464,285.88,51,5,1.78,EG,1707957618
377,segezha,63.7415,34.3222,256.97,83,100,5.71,RU,1707957619
378,holualoa,19.6228,-155.9522,299.06,79,0,7.72,US,1707957619
379,jamaame,0.0697,42.745,299.24,89,99,5.06,SO,1707957619
380,east london,-33.0153,27.9116,295.01,89,95,2.11,ZA,1707957620
381,beboto,8.2668,16.939,296.05,15,94,2.26,TD,1707957620
382,bom jesus,-9.0744,-44.3586,299.68,67,100,0.45,BR,1707957620
383,morehead city,34.7229,-76.726,285.36,67,0,0.0,US,1707957620
384,howrah,22.5892,88.3103,293.15,88,40,3.09,IN,1707957621
385,smirnykh,49.75,142.8333,258.58,87,92,0.87,RU,1707957621
386,weno,7.4515,151.8468,303.12,74,100,5.66,FM,1707957622
387,tsiombe,-25.3,45.4833,296.49,92,100,3.35,MG,1707957622
388,palikir - national government center,6.9248,158.1611,302.56,66,75,5.14,FM,1707957622
389,simrishamn,55.5565,14.3504,277.23,99,100,3.4,SE,1707957622
390,emerald,-23.5333,148.1667,299.33,74,100,4.85,AU,1707957622
391,aleksandrov,56.4,38.71,258.56,86,100,4.72,RU,1707957623
392,san matias,-16.3667,-58.4,300.35,68,90,1.5,BO,1707957623
393,balaipungut,1.05,101.2833,298.09,95,90,1.15,ID,1707957624
394,istra,55.9178,36.8642,262.28,95,100,5.35,RU,1707957624
395,idil,37.3411,41.8895,282.11,93,75,4.63,TR,1707957625
396,krasnaya gorbatka,55.8703,41.7641,250.93,98,97,3.28,RU,1707957625
397,monrovia,6.3005,-10.7969,300.02,89,9,3.89,LR,1707957626
398,bafq,31.6128,55.4107,286.77,34,0,4.51,IR,1707957626
399,severo-yeniseyskiy,60.3725,93.0408,255.14,93,100,5.81,RU,1707957626
400,saki,8.6667,3.3833,299.35,15,9,0.65,NG,1707957627
401,alappuzha,9.49,76.3264,297.67,87,17,2.24,IN,1707957627
402,kuanda,56.3161,116.0806,244.22,94,71,0.56,RU,1707957627
403,puerto deseado,-47.7503,-65.8938,295.51,38,6,5.23,AR,1707957628
404,patamda,24.3,85.4167,288.22,95,0,2.01,IN,1707957628
405,danane,7.2596,-8.155,297.75,83,66,1.93,CI,1707957628
406,midoun,33.8081,10.9923,285.07,71,0,3.71,TN,1707957628
407,koprivnica,46.1628,16.8275,277.7,76,97,2.25,HR,1707957629
408,kingsbridge,50.2845,-3.7764,286.46,99,100,8.0,GB,1707957629
409,pematangsiantar,2.9595,99.0687,297.1,88,75,0.51,ID,1707957630
410,cockburn town,21.4612,-71.1419,298.45,77,100,4.67,TC,1707957630
411,el calafate,-50.3408,-72.2768,287.16,85,100,3.01,AR,1707957631
412,nizhneudinsk,54.9076,99.0276,263.68,93,98,0.78,RU,1707957631
413,glace bay,46.1969,-59.957,270.91,96,100,4.63,CA,1707957631
414,santa elena de uairen,4.6167,-61.1333,296.67,59,57,1.96,VE,1707957631
415,namibe,-15.1961,12.1522,297.92,82,83,3.96,AO,1707957631
416,kapuskasing,49.4169,-82.4331,265.2,62,100,2.57,CA,1707957631
417,anan,33.9167,134.65,286.03,88,100,6.46,JP,1707957631
418,shingu,33.7333,135.9833,288.01,88,100,2.91,JP,1707957631
419,kidal,18.4411,1.4078,296.09,19,0,5.22,ML,1707957631
420,dompu,-8.5356,118.4622,302.17,79,93,1.31,ID,1707957632
421,broome,42.2506,-75.833,270.13,70,0,3.6,US,1707957632
422,tabou,4.423,-7.3528,300.25,88,25,3.23,CI,1707957632
423,fratesti,43.9667,25.9667,277.98,72,100,2.07,RO,1707957632
424,massawa,15.6097,39.45,299.74,83,55,0.59,ER,1707957632
425,castillos,-34.1667,-53.8333,292.17,66,58,3.44,UY,1707957632
426,ghat,24.9647,10.1728,286.47,36,31,2.46,LY,1707957632
427,igarka,67.4667,86.5833,242.28,91,26,3.42,RU,1707957632
428,sale,34.0389,-6.8166,297.53,29,100,5.14,MA,1707957632
429,arteche,12.2645,125.4048,298.95,89,82,5.41,PH,1707957632
430,labasa,-16.4167,179.3833,302.49,82,100,1.85,FJ,1707957632
431,extrema,-22.8547,-46.3183,292.28,99,100,0.67,BR,1707957632
432,cannonvale,-20.2833,148.7,301.81,75,79,5.25,AU,1707957633
433,pangody,65.85,74.4859,245.07,97,86,5.5,RU,1707957633
434,kupang,-10.1667,123.5833,300.47,100,75,1.03,ID,1707957633
435,maceio,-9.6658,-35.7353,300.84,94,20,1.54,BR,1707957633
436,chyorny yar,48.0624,46.1091,268.95,69,83,7.88,RU,1707957633
437,mankoeng,-23.9,29.8167,288.91,61,3,1.81,ZA,1707957634
438,jaffna,9.6685,80.0074,300.49,65,100,6.0,LK,1707957634
439,turbat,26.0023,63.044,292.45,71,0,0.15,PK,1707957634
440,floriano,-6.7669,-43.0225,300.57,70,100,1.21,BR,1707957634
441,galliano,29.4422,-90.2992,289.15,62,0,0.0,US,1707957563
442,nieuw amsterdam,5.8833,-55.0833,301.16,74,20,3.09,SR,1707957634
443,tual,-5.6667,132.75,301.83,76,100,5.97,ID,1707957634
444,solok,-0.7918,100.6593,296.68,96,90,1.2,ID,1707957634
445,fontanelas,38.8472,-9.4372,292.13,74,41,10.12,PT,1707957634
446,lakatoro,-16.0999,167.4164,303.05,78,19,2.67,VU,1707957634
447,carora,10.1755,-70.0827,302.55,47,95,5.75,VE,1707957634
448,baiao,-2.7906,-49.6717,296.91,99,92,1.59,BR,1707957634
449,shakawe,-18.3667,21.85,295.47,45,10,0.81,BW,1707957634
450,rehoboth,-23.3167,17.0833,297.03,22,62,3.33,NA,1707957633
451,torghay,49.6339,63.4981,249.97,89,26,8.77,KZ,1707957635
452,turpan,42.9333,89.1667,273.17,41,28,0.38,CN,1707957635
453,port macquarie,-31.4333,152.9167,301.42,66,24,3.09,AU,1707957373
454,verkhnevilyuysk,63.4453,120.3167,234.66,100,100,1.37,RU,1707957635
455,cidreira,-30.1811,-50.2056,296.13,58,100,5.94,BR,1707957635
456,siwa oasis,29.2041,25.5195,285.73,63,6,5.38,EG,1707957635
457,steamboat springs,40.485,-106.8317,272.92,75,100,3.6,US,1707957635
458,plettenberg bay,-34.0527,23.3716,291.68,89,100,3.45,ZA,1707957635
459,vila velha,-20.3297,-40.2925,300.12,78,20,4.12,BR,1707957635
460,birao,10.2849,22.7882,296.25,12,40,1.23,CF,1707957635
461,wagar,16.1525,36.2032,296.7,11,10,2.86,SD,1707957636
462,yanykurgan,43.915,67.2481,281.53,60,100,5.82,KZ,1707957636
463,afif,23.9065,42.9172,288.79,67,3,2.7,SA,1707957636
464,bamboo flat,11.7,92.7167,298.2,88,86,1.03,IN,1707957636
465,jincheng,35.5022,112.8328,276.22,38,100,2.09,CN,1707957636
466,sydney,-33.8679,151.2073,292.98,88,75,4.63,AU,1707957321
467,marks,51.7111,46.7486,252.68,91,10,3.9,RU,1707957637
468,bossier city,32.516,-93.7321,290.25,54,0,3.6,US,1707957637
469,douglas,41.3,-96.167,286.76,48,100,3.09,US,1707957637
470,kruisfontein,-34.0033,24.7314,290.86,87,100,2.35,ZA,1707957637
471,panyam,9.4167,9.2167,291.64,19,7,2.9,NG,1707957637
472,al hada,21.3675,40.2869,285.81,81,17,2.59,SA,1707957637
473,sao joao do piaui,-8.3581,-42.2467,300.44,63,100,1.17,BR,1707957637
474,pangkalanbuun,-2.6833,111.6167,301.81,77,5,1.21,ID,1707957637
475,boa vista,2.8197,-60.6733,303.14,66,20,2.57,BR,1707957637
476,antsiranana,-12.2787,49.2917,299.25,87,96,3.28,MG,1707957637
477,kalabo,-14.97,22.6814,295.81,39,100,2.86,ZM,1707957638
478,wanning,18.8003,110.3967,294.88,79,100,1.15,CN,1707957638
479,fortuna,40.5982,-124.1573,283.14,96,100,4.63,US,1707957638
480,alice springs,-23.7,133.8833,306.6,24,0,5.14,AU,1707957638
481,churchdown,51.8871,-2.1816,286.15,90,100,2.68,GB,1707957638
482,morondava,-20.2833,44.2833,298.0,92,100,5.68,MG,1707957638
483,palasa,18.7667,84.4167,293.1,65,100,1.64,IN,1707957638
484,shalqar,47.8333,59.6,261.26,84,100,10.11,KZ,1707957638
485,vernal,40.4555,-109.5287,279.99,42,75,7.2,US,1707957638
486,sauri,11.7266,6.7837,294.64,17,35,4.75,NG,1707957638
487,pont rouge,48.8833,-72.0825,262.31,81,65,7.14,CA,1707957638
488,lafiagi,8.8667,5.4167,300.18,12,4,1.76,NG,1707957639
489,vorkuta,67.5,64.0,240.89,99,100,2.01,RU,1707957639
490,kirakira,-10.4544,161.9205,302.89,74,32,4.64,SB,1707957639
491,noumea,-22.2763,166.4572,304.14,99,52,7.65,NC,1707957639
492,mangrol,21.1167,70.1167,292.7,28,0,6.79,IN,1707957639
493,nelson bay,-32.7167,152.15,297.1,92,98,4.02,AU,1707957639
494,khorixas,-20.3667,14.9667,297.74,37,27,2.05,NA,1707957640
495,kill devil hills,36.0307,-75.676,279.81,74,0,2.06,US,1707957640
496,lodja,-3.4833,23.4333,294.75,91,100,0.3,CD,1707957640
497,tataouine,32.9297,10.4518,283.13,57,0,0.34,TN,1707957640
498,klyuchi,52.2667,79.1667,251.66,92,82,4.13,RU,1707957640
499,nur-sultan,51.1801,71.446,250.12,77,0,4.0,KZ,1707957640
500,malango,-2.9627,119.9001,297.69,85,93,0.59,ID,1707957640
501,preobrazheniye,42.9019,133.9064,270.91,59,100,1.97,RU,1707957640
502,gulf shores,30.246,-87.7008,285.93,70,0,0.0,US,1707957640
503,cill airne,52.05,-9.5167,284.39,99,100,2.01,IE,1707957640
504,richards bay,-28.783,32.0377,298.1,81,85,5.23,ZA,1707957640
505,praia,14.9215,-23.5087,295.45,78,20,6.69,CV,1707957640
506,dvurechensk,56.5982,61.0953,248.53,92,18,4.24,RU,1707957641
507,buala,-8.145,159.5921,303.24,61,39,2.32,SB,1707957641
508,guankou,28.15,113.6333,283.04,83,100,4.02,CN,1707957641
509,fecamp,49.7579,0.3746,287.64,89,100,6.67,FR,1707957641
510,benton,36.3334,-94.3335,288.88,50,0,4.63,US,1707957641
511,tanout,14.9709,8.8879,292.1,25,41,6.87,NE,1707957641
512,argo,37.6333,22.7333,281.78,74,90,1.55,GR,1707957641
513,waiuku,-37.25,174.75,300.0,42,8,2.14,NZ,1707957641
514,susuman,62.7833,148.1667,238.7,97,100,1.34,RU,1707957641
515,iskateley,67.6803,53.1512,240.38,100,25,0.45,RU,1707957641
516,lorengau,-2.0226,147.2712,301.26,84,79,3.95,PG,1707957641
517,magistral'nyy,56.1725,107.4458,256.82,89,100,1.98,RU,1707957641
518,bardai,11.65,7.2333,292.91,19,24,4.44,NG,1707957642
519,dasha,23.11,113.4444,290.14,76,100,0.64,CN,1707957642
520,bangjun,39.9911,117.2628,274.5,33,0,3.32,CN,1707957642
521,mwanza,-2.5167,32.9,294.01,87,100,2.84,TZ,1707957642
522,gadzhiyevo,69.2551,33.3362,253.9,97,90,8.64,RU,1707957642
523,banda aceh,5.5577,95.3222,300.18,81,10,4.94,ID,1707957642
524,inari,68.906,27.0288,258.69,89,95,5.15,FI,1707957642
525,mityana,0.4175,32.0228,291.74,96,100,2.05,UG,1707957642
526,san jose del cabo,23.0589,-109.6977,294.67,69,100,5.14,MX,1707957449
527,takoradi,4.8845,-1.7554,301.07,88,47,3.34,GH,1707957642
528,nagqu,31.5,92.0,262.54,34,100,1.7,CN,1707957643
529,zapolyarnyy,69.4154,30.8136,256.75,86,76,6.94,RU,1707957643
530,khash,28.2211,61.2158,283.42,57,0,1.04,IR,1707957643
531,bonthe,7.5264,-12.505,299.41,86,58,2.68,SL,1707957643
532,mirriah,13.7073,9.1501,292.96,26,79,5.07,NE,1707957643
533,trujillo,-8.116,-79.03,298.13,78,40,5.66,PE,1707957643
534,maur,30.0833,75.25,282.88,41,0,1.9,IN,1707957644
535,naliya,23.2667,68.8333,291.12,27,0,4.65,IN,1707957644
536,astrakhan,46.3497,48.0408,275.87,94,100,7.15,RU,1707957644
537,lewiston orchards,46.3804,-116.9754,280.21,67,100,1.54,US,1707957644
538,byron bay,-28.65,153.6167,301.88,58,63,4.44,AU,1707957644
539,sequim,48.0795,-123.1018,281.75,65,100,0.89,US,1707957645
540,igbo-ora,7.4333,3.2833,300.13,82,91,1.93,NG,1707957645
541,qarah zia' od din,38.8915,45.0255,279.63,90,100,2.14,IR,1707957645
542,rukungiri,-0.8411,29.9419,290.66,85,100,0.83,UG,1707957645
543,tidjikja,18.5564,-11.4271,299.75,8,96,4.85,MR,1707957645
544,cole harbour,44.6724,-63.4751,268.12,68,73,8.05,CA,1707957645
545,guliston,40.4897,68.7842,286.11,30,100,8.5,UZ,1707957645
546,yuma,32.7253,-114.6244,295.86,22,0,0.0,US,1707957081
547,alliance,40.9153,-81.1059,271.93,72,0,1.71,US,1707957645
548,gamba,-2.65,10.0,299.21,86,100,0.46,GA,1707957645
549,greenwood,34.1668,-82.1165,285.35,58,0,2.06,US,1707957645
550,bandrele,-12.9067,45.1914,301.01,83,0,5.66,YT,1707957645
551,peace river,56.2501,-117.286,264.32,73,20,1.54,CA,1707957646
552,qarqaraly,49.4058,75.4742,261.62,96,100,1.88,KZ,1707957646
553,as sulayyil,20.4607,45.5779,294.29,50,7,4.11,SA,1707957646
554,lycksele,64.5954,18.6735,264.08,92,100,2.57,SE,1707957646
555,visby,57.6409,18.296,274.27,100,75,2.57,SE,1707957646
556,kharp,66.8014,65.8081,250.53,88,100,3.59,RU,1707957646
557,phon,15.816,102.5998,297.51,43,33,1.26,TH,1707957646
558,reggane,26.7158,0.1714,294.76,25,100,5.75,DZ,1707957646
559,sivasli,38.4994,29.6836,275.81,99,100,1.67,TR,1707957646
560,ardanuc,41.1274,42.0629,282.14,89,100,2.16,TR,1707957646
561,gizo,-8.103,156.8419,302.07,76,50,5.41,SB,1707957646
562,columbus,39.9612,-82.9988,276.44,56,20,2.57,US,1707957426
563,betio village,1.358,172.9211,300.17,93,100,3.96,KI,1707957646
